WorkOrder	date_QC	DNA	instrument_data_count	instrument_data_ids	WorkingDirectory	cram	cram.md5	SAMPLE_ALIAS	ALIGNED_READS	ALIGNMENT_RATE	FIRST_OF_PAIR_MISMATCH_RATE	SECOND_OF_PAIR_MISMATCH_RATE	FREEMIX	CHIPMIX	HAPLOID_COVERAGE	PCT_10X	PCT_20X	TOTAL_BASES_Q20_OR_MORE	discordant_rate	interchromosomal_rate	HET_SNP_Q	HET_SNP_SENSITIVITY	MEAN_COVERAGE	MEAN_INSERT_SIZE	STANDARD_DEVIATION	PCT_ADAPTER	PF_READS	PF_ALIGNED_BASES	TOTAL_PERCENT_DUPLICATION	TOTAL_READS	reads_mapped_as_singleton_percentage	reads_mapped_in_proper_pairs_percentage	PF_HQ_ALIGNED_Q20_BASES	STATUS	Flagstats	QC Failed Metrics
2854509	03/16/2018	0164187806	16	2899290962,2899291268,2899296031,2899296138,2899372516,2899372936,2899373230,2899373365,2899373760,2899373831,2899374065,2899374223,2899374274,2899374404,2899374457,2899374640	/gscmnt/gc13035/production/2840352/compute_165054906	/gscmnt/gc13035/production/2840352/compute_165054906/0164187806.cram	/gscmnt/gc13035/production/2840352/compute_165054906/0164187806.cram.md5	0164187806	580137372	0.9970071415516053	0.005098	0.005269	0.00493		25.715310418374123	0.990056	0.813232	73932094809.0	1.740000000000009	0.011410742343755236	22	0.994216	24.61346	363.628645	80.552425	0.001325	573710060	85495775063	0.11871783772133342	573710060	0.07	97.96	79244207533	pass	same	NA
2854509	03/16/2018	0164192259	16	2899291037,2899291351,2899296038,2899296103,2899372585,2899372931,2899373304,2899373632,2899373680,2899373895,2899374028,2899374155,2899374248,2899374414,2899374534,2899374626	/gscmnt/gc13035/production/2840352/compute_165054850	/gscmnt/gc13035/production/2840352/compute_165054850/0164192259.cram	/gscmnt/gc13035/production/2840352/compute_165054850/0164192259.cram.md5	0164192259	571139628	0.9973714558599084	0.005515	0.005887	0.00591		25.774266845228546	0.989678	0.819504	72848595777.0	2.0799999999999983	0.014030766419798219	22	0.994056	24.666675	361.809415	78.491833	0.000697	564114552	84041719207	0.1149991514209404	564114552	0.08	97.66	77410097438	pass	same	NA
2854509	03/16/2018	0164192260	16	2899290952,2899291368,2899295961,2899296150,2899372552,2899372854,2899373344,2899373723,2899373754,2899373914,2899374123,2899374224,2899374309,2899374383,2899374446,2899374643	/gscmnt/gc13035/production/2840352/compute_165054780	/gscmnt/gc13035/production/2840352/compute_165054780/0164192260.cram	/gscmnt/gc13035/production/2840352/compute_165054780/0164192260.cram.md5	0164192260	579147474	0.9943082540201076	0.005054	0.005179	0.00981		25.37461427652497	0.988995	0.773782	73021169734.0	2.049999999999997	0.014094473459047012	22	0.993658	23.77302	340.226019	80.018746	0.004005	573531920	85189241985	0.12699010521149667	573531920	0.08	97.39	79037600612	pass	same	NA
2854509	03/16/2018	0164192262	16	2899291012,2899291420,2899296037,2899296079,2899372615,2899372751,2899373320,2899373421,2899373670,2899373896,2899374031,2899374201,2899374270,2899374445,2899374583,2899374601	/gscmnt/gc13035/production/2840352/compute_165054786	/gscmnt/gc13035/production/2840352/compute_165054786/0164192262.cram	/gscmnt/gc13035/production/2840352/compute_165054786/0164192262.cram.md5	0164192262	587610844	0.9980861391273367	0.00525	0.005235	0.00504		26.157989868299218	0.990332	0.832438	73937706107.0	2.0	0.013596144125748019	23	0.994582	24.939316	352.547198	75.823856	0.000409	580254822	86556159455	0.1297104790834877	580254822	0.07	97.81	80092151779	pass	same	NA
2854509	03/16/2018	0164192263	16	2899290977,2899291285,2899296036,2899296129,2899372475,2899372871,2899373371,2899373712,2899373862,2899374053,2899374133,2899374317,2899374403,2899374569,2899374614,2899374727	/gscmnt/gc13035/production/2840352/compute_165054813	/gscmnt/gc13035/production/2840352/compute_165054813/0164192263.cram	/gscmnt/gc13035/production/2840352/compute_165054813/0164192263.cram.md5	0164192263	594487713	0.9977601677454525	0.005141	0.00526	0.00631		26.897119066596726	0.9896	0.849729	76042546752.0	1.8900000000000006	0.012641673378170131	22	0.993812	25.402882	342.497539	75.226204	0.000639	587291748	87592597684	0.11568781657559288	587291748	0.06	97.89	81003307200	pass	same	NA
2854509	03/16/2018	0164192270	16	2899290963,2899291248,2899295947,2899296200,2899372535,2899372754,2899373324,2899373740,2899373886,2899374040,2899374137,2899374282,2899374347,2899374495,2899374602,2899374603	/gscmnt/gc13035/production/2840352/compute_165054945	/gscmnt/gc13035/production/2840352/compute_165054945/0164192270.cram	/gscmnt/gc13035/production/2840352/compute_165054945/0164192270.cram.md5	0164192270	601415548	0.9975244539762202	0.005518	0.005051	0.00554		26.567186311855025	0.990727	0.847407	75134361106.0	2.1200000000000045	0.014762153010970353	23	0.994572	25.325608	355.474081	79.861335	0.001093	593116018	88364542092	0.1338921579895787	593116018	0.07	97.64	81724667950	pass	same	NA
2854509	03/16/2018	0164192271	16	2899290981,2899291308,2899296058,2899296115,2899372545,2899372746,2899373351,2899373705,2899373924,2899374041,2899374177,2899374276,2899374387,2899374413,2899374521,2899374650	/gscmnt/gc13035/production/2840352/compute_165054972	/gscmnt/gc13035/production/2840352/compute_165054972/0164192271.cram	/gscmnt/gc13035/production/2840352/compute_165054972/0164192271.cram.md5	0164192271	539291451	0.9975478613333045	0.005146	0.005363	0.00921		24.05666757415908	0.988858	0.717763	69144458940.0	1.9100000000000108	0.012573060650486753	22	0.993865	22.83068	349.594895	76.649039	0.000807	533349120	79538612136	0.11352959448593775	533349120	0.07	97.85	73643547682	pass	same	NA
2854509	03/16/2018	0164192274	16	2899290973,2899291343,2899296063,2899296088,2899372460,2899372946,2899373283,2899373295,2899373685,2899373911,2899374128,2899374150,2899374261,2899374371,2899374512,2899374623	/gscmnt/gc13035/production/2840352/compute_165054937	/gscmnt/gc13035/production/2840352/compute_165054937/0164192274.cram	/gscmnt/gc13035/production/2840352/compute_165054937/0164192274.cram.md5	0164192274	590168444	0.99652864963767	0.005468	0.004982	0.00642		26.484286795806504	0.990575	0.832292	74923301656.0	2.1099999999999994	0.014872236478985189	23	0.994758	24.97389	345.333612	78.608261	0.001933	583172192	86791051308	0.1204936762578637	583172192	0.07	97.55	80073425977	pass	same	NA
2854509	03/16/2018	0164192280	16	2899290996,2899291279,2899296061,2899296178,2899372524,2899372793,2899373362,2899373673,2899373883,2899374127,2899374192,2899374316,2899374369,2899374465,2899374606,2899374718	/gscmnt/gc13035/production/2840352/compute_165054952	/gscmnt/gc13035/production/2840352/compute_165054952/0164192280.cram	/gscmnt/gc13035/production/2840352/compute_165054952/0164192280.cram.md5	0164192280	583657888	0.997626130824408	0.005265	0.005377	0.005		25.836118095115136	0.990556	0.810658	74228571090.0	1.8900000000000006	0.012118887524957425	23	0.994763	24.681773	354.615324	77.710478	0.000773	577381860	86114375591	0.12108764420117468	577381860	0.07	97.88	80031418866	pass	same	NA
2854509	03/16/2018	0164192284	16	2899291052,2899291305,2899295953,2899296193,2899372521,2899372853,2899373361,2899373369,2899373734,2899373919,2899374097,2899374186,2899374268,2899374389,2899374531,2899374653	/gscmnt/gc13035/production/2840352/compute_165054838	/gscmnt/gc13035/production/2840352/compute_165054838/0164192284.cram	/gscmnt/gc13035/production/2840352/compute_165054838/0164192284.cram.md5	0164192284	568247991	0.9974909649789524	0.004938	0.005392	0.00557		25.131159943872053	0.98989	0.784521	72236595304.0	2.1400000000000006	0.014636255415912803	23	0.994404	23.962369	352.576937	76.688196	0.001137	560968256	83606668017	0.11929477550359842	560968256	0.07	97.61	77654265153	pass	same	NA
2854509	03/16/2018	0164192288	16	2899291794,2899291817,2899292369,2899295712,2899381363,2899381465,2899381567,2899381638,2899381693,2899381954,2899382856,2899382980,2899386364,2899386448,2899386689,2899386876	/gscmnt/gc13035/production/2840352/compute_165243847	/gscmnt/gc13035/production/2840352/compute_165243847/0164192288.cram	/gscmnt/gc13035/production/2840352/compute_165243847/0164192288.cram.md5	0164192288	627209967	0.9969055732633207	0.006093	0.005667	0.00484		28.25087099727676	0.991153	0.902038	80950639437.0	2.269999999999996	0.015301159694176327	23	0.995044	27.05153	365.522087	80.315888	0.000404	619386776	92186905472	0.1018194399531313	619386776	0.10	97.43	85115620839	pass	same	NA
2854509	03/16/2018	0164192289	16	2899291724,2899291762,2899295418,2899295706,2899381252,2899381349,2899381521,2899381578,2899381723,2899381934,2899382843,2899382936,2899385761,2899386376,2899386409,2899386882	/gscmnt/gc13035/production/2840352/compute_165243754	/gscmnt/gc13035/production/2840352/compute_165243754/0164192289.cram	/gscmnt/gc13035/production/2840352/compute_165243754/0164192289.cram.md5	0164192289	616643957	0.996357649290166	0.006048	0.005241	0.00399		27.85542581656453	0.99109	0.893294	79831924788.0	1.6700000000000017	0.010673618051066413	23	0.994934	26.769442	367.532963	81.12584	0.001185	611860630	91136721776	0.10427099674483879	611860630	0.10	97.97	84374245946	pass	same	NA
2854509	03/16/2018	0164192292	16	2899291706,2899291922,2899292359,2899295693,2899381381,2899381507,2899381596,2899381728,2899381885,2899381955,2899382910,2899382991,2899386252,2899386423,2899386715,2899386858	/gscmnt/gc13035/production/2840352/compute_165243868	/gscmnt/gc13035/production/2840352/compute_165243868/0164192292.cram	/gscmnt/gc13035/production/2840352/compute_165243868/0164192292.cram.md5	0164192292	632112192	0.9975203512990283	0.005434	0.005273	0.00533		28.724535051264965	0.990331	0.905135	82329691978.0	1.730000000000004	0.011507276749971889	23	0.994721	27.566128	359.503949	78.550463	0.000412	626578676	93492006500	0.1005500547086519	626578676	0.09	98.02	87316425681	pass	same	NA
2854509	03/16/2018	0164192294	16	2899291791,2899291938,2899292278,2899295937,2899381244,2899381311,2899381444,2899381588,2899381683,2899381987,2899382813,2899382943,2899386274,2899386300,2899386370,2899386877	/gscmnt/gc13035/production/2840352/compute_165244015	/gscmnt/gc13035/production/2840352/compute_165244015/0164192294.cram	/gscmnt/gc13035/production/2840352/compute_165244015/0164192294.cram.md5	0164192294	602863263	0.9974388973591054	0.006103	0.004998	0.00323		27.494112099534416	0.990207	0.873709	77621435473.0	2.1299999999999955	0.014368403769915696	22	0.994287	26.076867	350.996343	77.234824	0.000331	594413506	88537285065	0.10577854616170068	594413506	0.08	97.62	81643176123	pass	same	NA
2854509	03/16/2018	0164192295	16	2899291680,2899291959,2899292261,2899295679,2899381185,2899381327,2899381452,2899381529,2899381705,2899381971,2899382845,2899383013,2899386299,2899386508,2899386600,2899386839	/gscmnt/gc13035/production/2840352/compute_165244034	/gscmnt/gc13035/production/2840352/compute_165244034/0164192295.cram	/gscmnt/gc13035/production/2840352/compute_165244034/0164192295.cram.md5	0164192295	600802059	0.9959791984901945	0.005428	0.006457	0.00406		27.12359649860753	0.991047	0.87283	77706310070.0	2.0999999999999943	0.014006271646790136	23	0.994765	26.07491	379.171348	86.498666	0.001177	594183024	88353921522	0.0996562848190319	594183024	0.10	97.5	81541473221	pass	same	NA
2854509	03/16/2018	0164192298	16	2899291860,2899291944,2899292386,2899295894,2899381243,2899381305,2899381453,2899381631,2899381704,2899381967,2899382928,2899382992,2899385974,2899386292,2899386395,2899386894	/gscmnt/gc13035/production/2840352/compute_165243657	/gscmnt/gc13035/production/2840352/compute_165243657/0164192298.cram	/gscmnt/gc13035/production/2840352/compute_165243657/0164192298.cram.md5	0164192298	551320695	0.9962100933367197	0.007028	0.00497	0.00811		25.497649354318845	0.989519	0.812539	71648923747.0	1.9699999999999989	0.012848276809950713	22	0.994042	24.573529	378.637947	85.892481	0.000784	546388390	81304483875	0.0973906033641291	546388390	0.11	97.66	74819667462	pass	same	NA
2854509	03/16/2018	0164192301	16	2899291758,2899291787,2899292264,2899295939,2899381256,2899381397,2899381415,2899381571,2899381739,2899381929,2899382912,2899382951,2899386125,2899386363,2899386416,2899386862	/gscmnt/gc13035/production/2840352/compute_165243645	/gscmnt/gc13035/production/2840352/compute_165243645/0164192301.cram	/gscmnt/gc13035/production/2840352/compute_165243645/0164192301.cram.md5	0164192301	616803656	0.9970722614613351	0.006369	0.00499	0.00405		27.606128046241317	0.990986	0.880192	79100642374.0	2.019999999999996	0.013201251772341415	23	0.994867	26.301062	358.975409	79.826866	0.000471	609995386	90866142713	0.1101530010466561	609995386	0.09	97.69	83967029170	pass	same	NA
2854509	03/16/2018	0164192302	16	2899291757,2899291940,2899295431,2899295877,2899381277,2899381373,2899381502,2899381666,2899381690,2899381983,2899382924,2899382974,2899385836,2899386235,2899386428,2899386879	/gscmnt/gc13035/production/2840352/compute_165243626	/gscmnt/gc13035/production/2840352/compute_165243626/0164192302.cram	/gscmnt/gc13035/production/2840352/compute_165243626/0164192302.cram.md5	0164192302	599118541	0.9965987448048313	0.005041	0.00573	0.00344		27.07299629006018	0.990231	0.862275	77756984975.0	1.8599999999999994	0.012271697034469215	23	0.994466	25.752528	349.977359	76.150985	0.000336	593750214	88480899167	0.10348053223677622	593750214	0.08	97.8	82065606482	pass	same	NA
2854509	03/16/2018	0164192308	16	2899291038,2899291392,2899296062,2899296100,2899372468,2899372925,2899373378,2899373691,2899373897,2899373931,2899374024,2899374182,2899374249,2899374422,2899374480,2899374651	/gscmnt/gc13035/production/2840352/compute_165054996	/gscmnt/gc13035/production/2840352/compute_165054996/0164192308.cram	/gscmnt/gc13035/production/2840352/compute_165054996/0164192308.cram.md5	0164192308	618203445	0.997598641016149	0.005309	0.005374	0.00505		27.36058425476637	0.991496	0.873399	77349793052.0	2.0500000000000114	0.0132331123932122	23	0.995136	26.064594	361.358861	83.892888	0.000737	610444340	90976446236	0.13384984954571136	610444340	0.07	97.71	83990674808	pass	same	NA
2854509	03/16/2018	0164192309	16	2899290991,2899291411,2899295958,2899296078,2899372547,2899372852,2899373155,2899373329,2899373679,2899373830,2899374072,2899374193,2899374328,2899374351,2899374484,2899374629	/gscmnt/gc13035/production/2840352/compute_165055055	/gscmnt/gc13035/production/2840352/compute_165055055/0164192309.cram	/gscmnt/gc13035/production/2840352/compute_165055055/0164192309.cram.md5	0164192309	596608131	0.9982601211669052	0.006113	0.006275	0.0053		25.62258410028972	0.990139	0.742612	72921083466.0	3.1799999999999926	0.02096380424278535	23	0.994407	24.158335	364.612185	78.99612	0.000141	582888866	86623400830	0.14136730957095361	582888866	0.06	96.65	77469443226	pass	same	NA
2854509	03/16/2018	0164192310	16	2899296612,2899299795,2899299818,2899300031,2899380490,2899380937,2899381062,2899381839,2899382188,2899382253,2899382272,2899382445,2899384408,2899384553,2899384873,2899385001	/gscmnt/gc13035/production/2840352/compute_165246538	/gscmnt/gc13035/production/2840352/compute_165246538/0164192310.cram	/gscmnt/gc13035/production/2840352/compute_165246538/0164192310.cram.md5	0164192310	602089142	0.9972874080821676	0.005252	0.005411	0.00413		27.627084051920235	0.990603	0.889221	77805940684.0	1.8299999999999983	0.012071306612843	23	0.994741	26.540745	367.338043	82.248539	0.000464	595920820	88845935933	0.10609056803882971	595920820	0.08	97.9	82318884566	pass	same	NA
2854509	03/16/2018	0164192314	16	2899291007,2899291276,2899295944,2899296120,2899372571,2899372807,2899373334,2899373751,2899373847,2899373907,2899374060,2899374149,2899374306,2899374419,2899374475,2899374672	/gscmnt/gc13035/production/2840352/compute_165054648	/gscmnt/gc13035/production/2840352/compute_165054648/0164192314.cram	/gscmnt/gc13035/production/2840352/compute_165054648/0164192314.cram.md5	0164192314	574330061	0.9978622605955548	0.005557	0.004955	0.005		25.80277946243836	0.989784	0.80931	73040060956.0	2.0800000000000125	0.014132046992840288	22	0.994342	24.454723	348.483503	75.940776	0.000451	567325932	84599128231	0.1207550616710848	567325932	0.06	97.71	78118506158	pass	same	NA
2854509	03/16/2018	0164192315	16	2899296615,2899299746,2899299801,2899299967,2899380487,2899380941,2899381061,2899381849,2899382111,2899382249,2899382332,2899382446,2899384340,2899384675,2899384961,2899385036	/gscmnt/gc13035/production/2840352/compute_165242704	/gscmnt/gc13035/production/2840352/compute_165242704/0164192315.cram	/gscmnt/gc13035/production/2840352/compute_165242704/0164192315.cram.md5	0164192315	593983052	0.9973227011748207	0.005787	0.005017	0.0051		27.144784722222543	0.990501	0.865283	76643285648.0	2.1099999999999994	0.013589414165168429	23	0.99459	25.879709	357.469115	78.335907	0.000533	586698050	87445238791	0.10624153671120232	586698050	0.07	97.63	80737267344	pass	same	NA
2854509	03/16/2018	0164192319	16	2899290966,2899291412,2899296035,2899296111,2899372525,2899372943,2899373154,2899373381,2899373732,2899373928,2899374048,2899374189,2899374266,2899374352,2899374444,2899374657	/gscmnt/gc13035/production/2840352/compute_165054256	/gscmnt/gc13035/production/2840352/compute_165054256/0164192319.cram	/gscmnt/gc13035/production/2840352/compute_165054256/0164192319.cram.md5	0164192319	551640982	0.9975288965089004	0.004757	0.005478	0.0043		24.429234926645815	0.987701	0.725758	70309521782.0	2.0600000000000023	0.013651111461816261	22	0.993153	22.961131	344.303968	79.229256	0.000424	545035044	81253538017	0.11853371259954902	545035044	0.06	97.7	75321233789	pass	same	NA
2854509	03/16/2018	0164192320	16	2899296626,2899299668,2899299838,2899300048,2899380475,2899380982,2899381000,2899381773,2899382006,2899382202,2899382362,2899382410,2899384303,2899384640,2899384920,2899385028	/gscmnt/gc13035/production/2840352/compute_165242914	/gscmnt/gc13035/production/2840352/compute_165242914/0164192320.cram	/gscmnt/gc13035/production/2840352/compute_165242914/0164192320.cram.md5	0164192320	599709954	0.9975012424839489	0.005122	0.005621	0.00302		27.528803948323464	0.99134	0.885121	77525305086.0	1.9500000000000028	0.012920122892876376	23	0.995219	26.417837	363.611398	78.717832	0.000531	592257148	88284632735	0.10349212886851127	592257148	0.07	97.8	81641322215	pass	same	NA
2854509	03/16/2018	0164192321	16	2899296605,2899299766,2899299904,2899300039,2899380452,2899380927,2899381021,2899381809,2899382104,2899382240,2899382271,2899382518,2899384396,2899384706,2899384908,2899385021	/gscmnt/gc13035/production/2840352/compute_165246524	/gscmnt/gc13035/production/2840352/compute_165246524/0164192321.cram	/gscmnt/gc13035/production/2840352/compute_165246524/0164192321.cram.md5	0164192321	609630089	0.9958655163401202	0.004774	0.005013	0.00448		27.732634886018786	0.990076	0.872581	78404834552.0	2.0700000000000074	0.014227294890837698	22	0.994184	26.040175	334.739523	71.747357	0.000514	603439318	89860770080	0.11208396722138829	603439318	0.06	97.52	83176667400	pass	same	NA
2854509	03/16/2018	0164192322	16	2899291020,2899291242,2899296039,2899296108,2899372515,2899372862,2899373105,2899373345,2899373686,2899373908,2899374061,2899374161,2899374312,2899374386,2899374501,2899374631	/gscmnt/gc13035/production/2840352/compute_165054887	/gscmnt/gc13035/production/2840352/compute_165054887/0164192322.cram	/gscmnt/gc13035/production/2840352/compute_165054887/0164192322.cram.md5	0164192322	589828112	0.9958345076555652	0.004723	0.006089	0.0053		26.124172753216648	0.99031	0.83768	75141747024.0	1.9300000000000068	0.012318538420316608	23	0.994529	25.128215	380.981546	87.323927	0.0012	584152556	86922398234	0.11823978442163138	584152556	0.08	97.66	80439973049	pass	same	NA
2854509	03/16/2018	0164192323	16	2899290988,2899291338,2899296032,2899296087,2899372584,2899372937,2899373341,2899373521,2899373662,2899373925,2899374071,2899374209,2899374307,2899374382,2899374516,2899374600	/gscmnt/gc13035/production/2840352/compute_165054999	/gscmnt/gc13035/production/2840352/compute_165054999/0164192323.cram	/gscmnt/gc13035/production/2840352/compute_165054999/0164192323.cram.md5	0164192323	545682784	0.9969196692494885	0.005245	0.005219	0.00778		24.340175426253086	0.988661	0.739206	69938350863.0	1.9099999999999966	0.012111826970964844	22	0.993558	23.180694	354.641147	77.742122	0.000677	540067978	80503488780	0.11450560441403317	540067978	0.07	97.79	74736183625	pass	same	NA
2854509	03/16/2018	0164192324	16	2899291855,2899291861,2899292296,2899295699,2899381278,2899381329,2899381450,2899381575,2899381710,2899381984,2899382829,2899382953,2899386338,2899386412,2899386686,2899386864	/gscmnt/gc13035/production/2840352/compute_165244018	/gscmnt/gc13035/production/2840352/compute_165244018/0164192324.cram	/gscmnt/gc13035/production/2840352/compute_165244018/0164192324.cram.md5	0164192324	658094893	0.997298338160716	0.005303	0.005873	0.00397		30.27046986495932	0.991802	0.937734	85447129451.0	2.0799999999999983	0.013878021254144762	23	0.995266	28.783469	350.530466	76.42853	0.000459	649891846	96836753454	0.09922503843571294	649891846	0.08	97.65	89233754263	pass	same	NA
2854509	03/16/2018	0164192328	16	2899291674,2899291886,2899295519,2899295896,2899381237,2899381337,2899381526,2899381587,2899381732,2899381940,2899382911,2899383020,2899386276,2899386498,2899386660,2899386888	/gscmnt/gc13035/production/2840352/compute_165243706	/gscmnt/gc13035/production/2840352/compute_165243706/0164192328.cram	/gscmnt/gc13035/production/2840352/compute_165243706/0164192328.cram.md5	0164192328	638198684	0.9973068426701784	0.006231	0.005112	0.00384		29.2528710467563	0.991405	0.920775	82716880036.0	2.309999999999988	0.015624602502877472	23	0.995034	27.852492	353.950962	76.248963	0.000428	629564408	93761743063	0.09987322024039566	629564408	0.08	97.43	86240218917	pass	same	NA
2854509	03/16/2018	0164192329	16	2899291750,2899291841,2899295441,2899295871,2899381268,2899381347,2899381401,2899381590,2899381740,2899381968,2899382806,2899382969,2899386027,2899386303,2899386401,2899386856	/gscmnt/gc13035/production/2840352/compute_165244369	/gscmnt/gc13035/production/2840352/compute_165244369/0164192329.cram	/gscmnt/gc13035/production/2840352/compute_165244369/0164192329.cram.md5	0164192329	604925703	0.996723070652068	0.005947	0.00543	0.00537		27.83055340922224	0.990708	0.886	78381695561.0	2.0200000000000102	0.013549748491565445	23	0.994562	26.48271	355.333264	80.306926	0.000761	597386392	88936990979	0.099700599976003	597386392	0.09	97.66	82010257066	pass	same	NA
2854509	03/16/2018	0164192333	16	2899291732,2899291943,2899294884,2899295890,2899381374,2899381413,2899381476,2899381625,2899381684,2899381997,2899382915,2899382994,2899386284,2899386459,2899386827,2899386861	/gscmnt/gc13035/production/2840352/compute_165244250	/gscmnt/gc13035/production/2840352/compute_165244250/0164192333.cram	/gscmnt/gc13035/production/2840352/compute_165244250/0164192333.cram.md5	0164192333	598476218	0.9976417308039837	0.00581	0.005797	0.00441		27.4773965541987	0.990799	0.875351	77534362778.0	1.9699999999999989	0.012882749584727876	23	0.994663	26.285429	361.44923	79.288979	0.000238	591982460	88250161237	0.1019097017183651	591982460	0.09	97.8	81175537710	pass	same	NA
2854509	03/16/2018	0164192334	16	2899291687,2899291956,2899292340,2899295684,2899381269,2899381297,2899381416,2899381659,2899381731,2899381982,2899382917,2899382973,2899386287,2899386384,2899386417,2899386850	/gscmnt/gc13035/production/2840352/compute_165244024	/gscmnt/gc13035/production/2840352/compute_165244024/0164192334.cram	/gscmnt/gc13035/production/2840352/compute_165244024/0164192334.cram.md5	0164192334	578691011	0.9970524570908624	0.006108	0.005477	0.00597		26.126128163196917	0.990497	0.83916	74724591624.0	1.75	0.011093644987138787	23	0.994632	25.179195	377.449918	83.294088	0.000543	572554854	85292514381	0.103448306398898	572554854	0.09	97.96	78779190945	pass	same	NA
2854509	03/16/2018	0164192337	16	2899291660,2899291939,2899292281,2899295876,2899381355,2899381447,2899381541,2899381664,2899381696,2899381960,2899382824,2899382944,2899385710,2899386352,2899386504,2899386759	/gscmnt/gc13035/production/2840352/compute_165243865	/gscmnt/gc13035/production/2840352/compute_165243865/0164192337.cram	/gscmnt/gc13035/production/2840352/compute_165243865/0164192337.cram.md5	0164192337	585128889	0.996689436886482	0.00519	0.006477	0.00387		27.0256182167221	0.99083	0.866106	76196274872.0	2.030000000000001	0.013631402576097565	23	0.994811	25.885751	364.866047	80.493717	0.000351	578308866	86089840208	0.09480653335563638	578308866	0.09	97.64	79198800522	pass	same	NA
2854509	03/16/2018	0164192339	16	2899291744,2899291926,2899292277,2899295686,2899381308,2899381328,2899381512,2899381546,2899381713,2899381979,2899382825,2899383000,2899385876,2899386255,2899386505,2899386853	/gscmnt/gc13035/production/2840352/compute_165243631	/gscmnt/gc13035/production/2840352/compute_165243631/0164192339.cram	/gscmnt/gc13035/production/2840352/compute_165243631/0164192339.cram.md5	0164192339	601053587	0.9965144673609957	0.005482	0.005515	0.00387		27.51630114772849	0.989405	0.879317	78629825656.0	1.5400000000000063	0.010030609700739462	22	0.994038	26.667142	375.87669	83.625483	0.000512	597052220	88994625433	0.09641080082911878	597052220	0.10	98.11	83313271198	pass	same	NA
2854509	03/16/2018	0164192340	16	2899291740,2899291849,2899294871,2899295875,2899381379,2899381451,2899381566,2899381737,2899381738,2899381939,2899382823,2899382999,2899386275,2899386475,2899386903,2899386929	/gscmnt/gc13035/production/2840352/compute_165243917	/gscmnt/gc13035/production/2840352/compute_165243917/0164192340.cram	/gscmnt/gc13035/production/2840352/compute_165243917/0164192340.cram.md5	0164192340	612989408	0.9968143046113029	0.005416	0.006322	0.00347		27.910783640509305	0.9916	0.894866	79896985476.0	2.069999999999993	0.013757694882265798	23	0.995455	26.759209	370.092918	82.558534	0.00027	605775118	90179889569	0.09271190391482366	605775118	0.10	97.62	83226866713	pass	same	NA
2854509	03/16/2018	0164192341	16	2899296545,2899299765,2899299812,2899299972,2899380469,2899380930,2899381134,2899381823,2899382078,2899382105,2899382374,2899382419,2899384358,2899384650,2899384832,2899385008	/gscmnt/gc13035/production/2840352/compute_165246500	/gscmnt/gc13035/production/2840352/compute_165246500/0164192341.cram	/gscmnt/gc13035/production/2840352/compute_165246500/0164192341.cram.md5	0164192341	621774789	0.9975354190561724	0.00496	0.005504	0.00426		27.90361476844651	0.990489	0.888715	80207528087.0	2.0600000000000023	0.01393318551226736	23	0.994444	26.589557	359.257034	78.380706	0.000269	612567424	91306930548	0.10471916251581988	612567424	0.07	97.7	84438130581	pass	same	NA
2854509	03/16/2018	0164192345	16	2899296330,2899299670,2899299808,2899299977,2899380463,2899380967,2899381052,2899381875,2899382093,2899382193,2899382293,2899382540,2899384414,2899384654,2899384872,2899385014	/gscmnt/gc13035/production/2840352/compute_165242688	/gscmnt/gc13035/production/2840352/compute_165242688/0164192345.cram	/gscmnt/gc13035/production/2840352/compute_165242688/0164192345.cram.md5	0164192345	589894875	0.9972990872026581	0.004635	0.006109	0.00334		27.26050861379519	0.991045	0.872611	76887803453.0	2.230000000000004	0.01485016292224283	23	0.994821	26.067257	363.482584	81.350574	0.000655	583053626	86892723597	0.09730227833025357	583053626	0.08	97.5	80101450404	pass	same	NA
2854509	03/16/2018	0164192348	16	2899296620,2899299786,2899299921,2899299988,2899380484,2899380915,2899381154,2899381838,2899382114,2899382136,2899382387,2899382547,2899384413,2899384619,2899384929,2899385005	/gscmnt/gc13035/production/2840352/compute_165242878	/gscmnt/gc13035/production/2840352/compute_165242878/0164192348.cram	/gscmnt/gc13035/production/2840352/compute_165242878/0164192348.cram.md5	0164192348	632880555	0.9977393089211527	0.005215	0.005122	0.00379		28.977084542374875	0.991508	0.914415	81881580309.0	2.049999999999997	0.013817057391337562	23	0.995232	27.549523	353.341707	78.018521	0.000401	625119466	93237032520	0.10500543864605055	625119466	0.06	97.73	86105317057	pass	same	NA
2854509	03/16/2018	0164192349	16	2899296298,2899299685,2899299926,2899300046,2899380494,2899380931,2899380990,2899381845,2899382020,2899382237,2899382263,2899382533,2899384347,2899384630,2899384861,2899384919	/gscmnt/gc13035/production/2840352/compute_165242461	/gscmnt/gc13035/production/2840352/compute_165242461/0164192349.cram	/gscmnt/gc13035/production/2840352/compute_165242461/0164192349.cram.md5	0164192349	584217048	0.9971516637096571	0.004517	0.00593	0.00416		26.848344839151576	0.989982	0.85219	75848272570.0	1.9599999999999937	0.013207839633428645	22	0.994295	25.51201	349.428625	75.99026	0.000824	577550834	86094049361	0.10190961958603262	577550834	0.07	97.76	79544673688	pass	same	NA
2854509	03/16/2018	0164192640	16	2899296470,2899299778,2899299820,2899300018,2899380438,2899380977,2899381142,2899381808,2899382103,2899382201,2899382268,2899382470,2899384384,2899384636,2899384838,2899385025	/gscmnt/gc13035/production/2840352/compute_165243043	/gscmnt/gc13035/production/2840352/compute_165243043/0164192640.cram	/gscmnt/gc13035/production/2840352/compute_165243043/0164192640.cram.md5	0164192640	633406420	0.9968325160031806	0.005333	0.00564	0.00361		29.26572808718031	0.990728	0.925444	82341090697.0	1.789999999999992	0.011751192459868425	23	0.994637	28.220484	375.217832	85.096081	0.000413	627803014	93593902525	0.1007591843586038	627803014	0.09	97.9	86741111779	pass	same	NA
2854509	03/16/2018	0164192641	16	2899299541,2899299797,2899299811,2899299946,2899380503,2899380944,2899381071,2899381757,2899382109,2899382184,2899382355,2899382421,2899384367,2899384559,2899384954,2899384981	/gscmnt/gc13035/production/2840352/compute_165242742	/gscmnt/gc13035/production/2840352/compute_165242742/0164192641.cram	/gscmnt/gc13035/production/2840352/compute_165242742/0164192641.cram.md5	0164192641	565118478	0.9973452573361027	0.005282	0.005401	0.00401		26.07540795120011	0.990519	0.833883	73531567618.0	2.039999999999992	0.013520548931930514	23	0.994549	25.020848	364.779799	79.469469	0.000742	558591618	83268314128	0.09862328478988594	558591618	0.08	97.7	76835947854	pass	same	NA
2854509	03/16/2018	0164192642	16	2899296514,2899299621,2899299857,2899299965,2899380446,2899380888,2899380997,2899381844,2899382150,2899382243,2899382322,2899382469,2899384364,2899384550,2899384831,2899384958	/gscmnt/gc13035/production/2840352/compute_165246520	/gscmnt/gc13035/production/2840352/compute_165246520/0164192642.cram	/gscmnt/gc13035/production/2840352/compute_165246520/0164192642.cram.md5	0164192642	594521739	0.9977781599592289	0.006042	0.005153	0.00376		27.21414963771824	0.99129	0.875036	76683477054.0	1.9899999999999949	0.012822311537169652	23	0.995207	26.132396	376.251912	84.616414	0.000332	587295204	87552694957	0.10492420769541073	587295204	0.09	97.79	80466733211	pass	same	NA
2854509	03/16/2018	0164192643	16	2899296550,2899299722,2899299927,2899300049,2899380451,2899380889,2899381053,2899381826,2899382025,2899382236,2899382389,2899382409,2899384410,2899384641,2899384893,2899384966	/gscmnt/gc13035/production/2840352/compute_165246516	/gscmnt/gc13035/production/2840352/compute_165246516/0164192643.cram	/gscmnt/gc13035/production/2840352/compute_165246516/0164192643.cram.md5	0164192643	555581989	0.9974221396453589	0.005964	0.00521	0.00769		25.760293884731137	0.990076	0.819072	72490090019.0	2.049999999999997	0.013302124781124936	22	0.994145	24.726778	374.135108	84.00964	0.000461	548800480	81775991556	0.09374215995653934	548800480	0.11	97.7	75079583117	pass	same	NA
2854509	03/16/2018	0164192644	16	2899296513,2899299731,2899299888,2899300035,2899380458,2899380918,2899381080,2899381825,2899382034,2899382262,2899382388,2899382541,2899384346,2899384658,2899384853,2899384986	/gscmnt/gc13035/production/2840352/compute_165242310	/gscmnt/gc13035/production/2840352/compute_165242310/0164192644.cram	/gscmnt/gc13035/production/2840352/compute_165242310/0164192644.cram.md5	0164192644	595331017	0.9862656946984931	0.005437	0.005219	0.00403		27.171523334490516	0.990471	0.868254	76742794881.0	2.160000000000011	0.01375470393821679	23	0.994487	25.926048	358.332182	79.691031	0.010996	594739364	87637151162	0.10709075760097411	594739364	0.10	96.49	80931852169	pass	same	NA
2854509	03/16/2018	0164192647	16	2899296505,2899299681,2899299817,2899300056,2899380406,2899380890,2899381153,2899381882,2899382108,2899382185,2899382369,2899382406,2899384361,2899384663,2899384938,2899385029	/gscmnt/gc13035/production/2840352/compute_165242800	/gscmnt/gc13035/production/2840352/compute_165242800/0164192647.cram	/gscmnt/gc13035/production/2840352/compute_165242800/0164192647.cram.md5	0164192647	624530257	0.997889684393248	0.005436	0.004606	0.004		28.453830850209343	0.990989	0.897192	81749048943.0	2.030000000000001	0.01334538973740414	23	0.994886	26.849151	337.264844	71.162801	0.000275	617581084	92172878593	0.09592018648470059	617581084	0.07	97.76	85540347980	pass	same	NA
2854509	03/16/2018	0164192654	16	2899296440,2899299759,2899299885,2899299954,2899380413,2899380883,2899381003,2899381807,2899382214,2899382223,2899382386,2899382535,2899384461,2899384617,2899384933,2899384944	/gscmnt/gc13035/production/2840352/compute_165242844	/gscmnt/gc13035/production/2840352/compute_165242844/0164192654.cram	/gscmnt/gc13035/production/2840352/compute_165242844/0164192654.cram.md5	0164192654	568443707	0.9976782747533897	0.005369	0.0049	0.00399		25.8190057517858	0.989136	0.811626	74144953845.0	2.049999999999997	0.013964737869569716	22	0.99343	24.492434	348.723549	75.468028	0.00064	561620718	83769474346	0.09706463681510978	561620718	0.07	97.72	77603809643	pass	same	NA
2854509	03/16/2018	0164192656	16	2899291636,2899292148,2899296217,2899299733,2899380383,2899380604,2899380681,2899380757,2899381382,2899381972,2899382666,2899382717,2899384176,2899384516,2899384814,2899384837	/gscmnt/gc13035/production/2840352/compute_165242565	/gscmnt/gc13035/production/2840352/compute_165242565/0164192656.cram	/gscmnt/gc13035/production/2840352/compute_165242565/0164192656.cram.md5	0164192656	654259698	0.9976007552439947	0.005155	0.004588	0.00427		28.81639563298479	0.991267	0.898849	82896769290.0	2.1000000000000085	0.011807401081067212	23	0.99504	26.895967	333.99925	79.337483	0.000698	647756756	96660614813	0.1266845384036704	647756756	0.08	97.66	89781438880	pass	same	NA
2854509	03/16/2018	0164192657	16	2899292257,2899293478,2899296326,2899299669,2899380346,2899380359,2899380615,2899380686,2899380798,2899382633,2899382669,2899383454,2899383893,2899384229,2899384519,2899384723	/gscmnt/gc13035/production/2840352/compute_165242452	/gscmnt/gc13035/production/2840352/compute_165242452/0164192657.cram	/gscmnt/gc13035/production/2840352/compute_165242452/0164192657.cram.md5	0164192657	670746181	0.997346145592113	0.00577	0.005114	0.00455		30.036127793039622	0.992037	0.93546	84776060404.0	2.1299999999999955	0.014203104660383771	24	0.995711	28.599079	353.362512	76.742587	0.000827	662826866	98781967160	0.12450213551570018	662826866	0.09	97.61	91316302959	pass	same	NA
2854509	03/16/2018	0164192659	16	2899291638,2899292160,2899296311,2899299554,2899380314,2899380382,2899380391,2899380601,2899380708,2899380876,2899382579,2899382699,2899383833,2899384277,2899384495,2899384764	/gscmnt/gc13035/production/2840352/compute_165246505	/gscmnt/gc13035/production/2840352/compute_165246505/0164192659.cram	/gscmnt/gc13035/production/2840352/compute_165246505/0164192659.cram.md5	0164192659	623005830	0.9974200356367303	0.005495	0.005374	0.00442		27.41270351146122	0.990532	0.869004	78663152058.0	1.730000000000004	0.011005200414042779	23	0.994808	26.082738	352.716258	77.704258	0.000898	616777124	91974073000	0.1268175063415251	616777124	0.09	98.02	85389090419	pass	same	NA
2854509	03/16/2018	0164192660	16	2899291790,2899292230,2899296254,2899299702,2899380365,2899380628,2899380763,2899380770,2899381342,2899382553,2899382700,2899383017,2899383983,2899384225,2899384463,2899384798	/gscmnt/gc13035/production/2840352/compute_165242731	/gscmnt/gc13035/production/2840352/compute_165242731/0164192660.cram	/gscmnt/gc13035/production/2840352/compute_165242731/0164192660.cram.md5	0164192660	627356816	0.9975635679720538	0.00574	0.005308	0.00435		27.780287878055933	0.991712	0.888136	79684495852.0	2.1099999999999994	0.012592125010182665	23	0.99544	26.56279	359.498819	80.613645	0.000551	620283670	92473641269	0.11963987195908105	620283670	0.10	97.65	85541969324	pass	same	NA
2854509	03/16/2018	0164192661	16	2899292192,2899293360,2899296337,2899299562,2899380333,2899380373,2899380625,2899380722,2899380748,2899381595,2899382620,2899382801,2899384228,2899384297,2899384528,2899384752	/gscmnt/gc13035/production/2840352/compute_165242477	/gscmnt/gc13035/production/2840352/compute_165242477/0164192661.cram	/gscmnt/gc13035/production/2840352/compute_165242477/0164192661.cram.md5	0164192661	638960923	0.9974215467737376	0.005554	0.005758	0.00446		27.99500101163638	0.991229	0.895175	80354259375.0	2.269999999999996	0.013665791056714484	23	0.994874	26.775066	372.438785	90.298782	0.000584	630721544	93934067666	0.12601407134480813	630721544	0.11	97.48	86831429312	pass	same	NA
2854509	03/16/2018	0164192662	16	2899292236,2899292433,2899296215,2899299718,2899380416,2899380527,2899380762,2899380809,2899382557,2899382719,2899383301,2899383797,2899384288,2899384338,2899384460,2899384789	/gscmnt/gc13035/production/2840352/compute_165242320	/gscmnt/gc13035/production/2840352/compute_165242320/0164192662.cram	/gscmnt/gc13035/production/2840352/compute_165242320/0164192662.cram.md5	0164192662	649351018	0.9975846010086176	0.005347	0.005428	0.00386		28.34470259808736	0.991637	0.89989	81460574502.0	2.1200000000000045	0.014125160796738267	23	0.995287	26.993493	357.609205	77.521792	0.000547	640030490	95352909091	0.1284126561640512	640030490	0.09	97.64	88057394020	pass	same	NA
2854509	03/16/2018	0164192663	16	2899291743,2899292186,2899296448,2899299602,2899380330,2899380530,2899380685,2899380871,2899381296,2899381456,2899382570,2899382726,2899384278,2899384522,2899384754,2899385473	/gscmnt/gc13035/production/2840352/compute_165242606	/gscmnt/gc13035/production/2840352/compute_165242606/0164192663.cram	/gscmnt/gc13035/production/2840352/compute_165242606/0164192663.cram.md5	0164192663	672100587	0.997436760557579	0.005242	0.005304	0.00449		28.6813292288373	0.991801	0.908422	82457781094.0	1.9899999999999949	0.012196843830985392	23	0.99527	27.315426	355.880035	79.743658	0.000592	664594174	99091438869	0.15191712620710862	664594174	0.08	97.76	91981939264	pass	same	NA
2854509	03/16/2018	0164192665	16	2899292234,2899292462,2899296224,2899299558,2899380366,2899380555,2899380595,2899380663,2899380673,2899380792,2899382572,2899382804,2899384261,2899384525,2899384732,2899385455	/gscmnt/gc13035/production/2840352/compute_165242697	/gscmnt/gc13035/production/2840352/compute_165242697/0164192665.cram	/gscmnt/gc13035/production/2840352/compute_165242697/0164192665.cram.md5	0164192665	613460724	0.9975110135352758	0.0059	0.005063	0.00519		27.105183036828564	0.991163	0.856252	76592477618.0	2.430000000000007	0.01626037320834996	23	0.99505	25.603692	344.251108	76.052795	0.00038	604902044	90103328621	0.1333058894390113	604902044	0.08	97.33	83075720210	pass	same	NA
2854509	03/16/2018	0164192666	16	2899292193,2899292200,2899296251,2899299605,2899380294,2899380376,2899380613,2899380653,2899380806,2899380940,2899382598,2899382691,2899384240,2899384546,2899384809,2899385068	/gscmnt/gc13035/production/2840352/compute_165243100	/gscmnt/gc13035/production/2840352/compute_165243100/0164192666.cram	/gscmnt/gc13035/production/2840352/compute_165243100/0164192666.cram.md5	0164192666	643590551	0.9974776618258948	0.005396	0.005784	0.0038		28.918412059193198	0.991686	0.915085	81552585961.0	2.010000000000005	0.013224868412941418	23	0.995363	27.563009	358.644071	80.462777	0.000459	635787864	94736076175	0.12075371498387857	635787864	0.10	97.74	87291507724	pass	same	NA
2854509	03/16/2018	0164192667	16	2899292150,2899292564,2899296272,2899299667,2899380616,2899380683,2899380882,2899381687,2899382246,2899382651,2899382708,2899383160,2899384248,2899384511,2899384790,2899384967	/gscmnt/gc13035/production/2840352/compute_165242687	/gscmnt/gc13035/production/2840352/compute_165242687/0164192667.cram	/gscmnt/gc13035/production/2840352/compute_165242687/0164192667.cram.md5	0164192667	675858222	0.996541153305694	0.005604	0.006387	0.00388		30.428831933728155	0.991964	0.938639	85530785101.0	2.049999999999997	0.01347668196964693	23	0.99553	28.812562	349.736938	77.129692	0.000985	668467904	99488018239	0.11978491407684681	668467904	0.11	97.61	91394714767	pass	same	NA
2854509	03/16/2018	0164192668	16	2899292196,2899292882,2899296267,2899299680,2899380305,2899380464,2899380561,2899380634,2899380759,2899382576,2899382690,2899383996,2899384270,2899384492,2899384568,2899384740	/gscmnt/gc13035/production/2840352/compute_165971217	/gscmnt/gc13035/production/2840352/compute_165971217/0164192668.cram	/gscmnt/gc13035/production/2840352/compute_165971217/0164192668.cram.md5	0164192668	648324353	0.9976232874079662	0.005385	0.005379	0.00457		28.615921888704833	0.991291	0.911241	82001931695.0	1.789999999999992	0.011684876473917877	23	0.99503	27.368219	355.671683	77.776604	0.000271	642038926	95772901857	0.1256052466245663	642038926	0.09	97.98	89127473018	pass	same	NA
2854509	03/16/2018	0164192669	16	2899291705,2899292211,2899296205,2899299632,2899380336,2899380587,2899380741,2899380870,2899381190,2899382451,2899382663,2899382707,2899384174,2899384487,2899384757,2899385543	/gscmnt/gc13035/production/2840352/compute_165500445	/gscmnt/gc13035/production/2840352/compute_165500445/0164192669.cram	/gscmnt/gc13035/production/2840352/compute_165500445/0164192669.cram.md5	0164192669	631180255	0.9948096979758302	0.005382	0.005256	0.0046		27.776074690411523	0.991177	0.883499	79851313642.0	1.8900000000000006	0.012055318874515724	23	0.994921	26.408801	352.127721	77.654029	0.002912	626147570	93118729967	0.12523838400140022	626147570	0.08	97.6	86189397256	pass	same	NA
2854509	03/16/2018	0164192671	16	2899291942,2899292225,2899296238,2899299694,2899380356,2899380586,2899380700,2899380846,2899382094,2899382593,2899382749,2899383702,2899384263,2899384504,2899384813,2899385561	/gscmnt/gc13035/production/2840352/compute_165246799	/gscmnt/gc13035/production/2840352/compute_165246799/0164192671.cram	/gscmnt/gc13035/production/2840352/compute_165246799/0164192671.cram.md5	0164192671	693176973	0.9969495486874289	0.005008	0.005136	0.00408		30.443965107010502	0.992046	0.935055	87596723738.0	1.990000000000009	0.013157576390509615	24	0.995539	28.594581	333.636336	71.253659	0.000835	685629694	102186897614	0.12677823437964453	685629694	0.07	97.71	94810795183	pass	same	NA
2854509	03/16/2018	0164192675	16	2899292157,2899293168,2899296233,2899299693,2899380350,2899380566,2899380699,2899380726,2899380852,2899382573,2899382768,2899383944,2899384232,2899384488,2899384739,2899385516	/gscmnt/gc13035/production/2840352/compute_165243047	/gscmnt/gc13035/production/2840352/compute_165243047/0164192675.cram	/gscmnt/gc13035/production/2840352/compute_165243047/0164192675.cram.md5	0164192675	644189651	0.9973364734250602	0.005808	0.004863	0.0038		28.247361388385254	0.991084	0.891695	79855994362.0	2.089999999999989	0.013826474571939893	23	0.995107	26.666344	344.137935	75.896243	0.000666	636609004	94881647269	0.14190151681668908	636609004	0.08	97.65	87460831052	pass	same	NA
2854509	03/16/2018	0164192676	16	2899292143,2899292174,2899296228,2899299726,2899380288,2899380337,2899380519,2899380674,2899380777,2899382560,2899382725,2899382754,2899384244,2899384462,2899384753,2899384806	/gscmnt/gc13035/production/2840352/compute_165242478	/gscmnt/gc13035/production/2840352/compute_165242478/0164192676.cram	/gscmnt/gc13035/production/2840352/compute_165242478/0164192676.cram.md5	0164192676	635555875	0.9968103279373219	0.004795	0.00586	0.00534		27.728142000152058	0.990904	0.87067	79672522372.0	2.009999999999991	0.013122717312279989	23	0.994779	26.0315	337.344011	74.82146	0.000968	628366478	93585333550	0.1315229573932635	628366478	0.08	97.68	86657949398	pass	same	NA
2854509	03/16/2018	0164193391	16	2899290959,2899291373,2899295956,2899296089,2899372444,2899372928,2899373180,2899373370,2899373706,2899373870,2899374039,2899374216,2899374245,2899374412,2899374494,2899374591	/gscmnt/gc13035/production/2840352/compute_165054671	/gscmnt/gc13035/production/2840352/compute_165054671/0164193391.cram	/gscmnt/gc13035/production/2840352/compute_165054671/0164193391.cram.md5	0164193391	598334793	0.9963685147672311	0.004755	0.005493	0.00553		26.680240710692026	0.99036	0.85216	76697114040.0	1.8700000000000045	0.012343101778338814	23	0.994649	25.455006	356.869171	79.338129	0.001116	592531392	88273991426	0.11467139639453149	592531392	0.07	97.77	82141607875	pass	same	NA
2854509	03/16/2018	0164193399	16	2899291034,2899291312,2899295966,2899296082,2899372590,2899372881,2899373350,2899373672,2899373793,2899373853,2899374032,2899374236,2899374269,2899374425,2899374499,2899374658	/gscmnt/gc13035/production/2840352/compute_165054975	/gscmnt/gc13035/production/2840352/compute_165054975/0164193399.cram	/gscmnt/gc13035/production/2840352/compute_165054975/0164193399.cram.md5	0164193399	623060904	0.9983837196969572	0.004721	0.005035	0.00483		27.562790024758687	0.990238	0.878315	79076622198.0	1.6400000000000006	0.010849167558111742	22	0.994306	26.486594	358.666167	77.045961	0.000351	617433126	92248362744	0.1270980939934216	617433126	0.06	98.2	86265009798	pass	same	NA
2854509	03/16/2018	0164193405	16	2899291046,2899291284,2899295987,2899296099,2899372539,2899372878,2899373303,2899373720,2899373829,2899374126,2899374229,2899374241,2899374348,2899374492,2899374621,2899374688	/gscmnt/gc13035/production/2840352/compute_165054903	/gscmnt/gc13035/production/2840352/compute_165054903/0164193405.cram	/gscmnt/gc13035/production/2840352/compute_165054903/0164193405.cram.md5	0164193405	615859913	0.998331347928551	0.005438	0.005409	0.00517		27.66039584031764	0.990746	0.885907	78120237433.0	2.0400000000000063	0.013586473052701895	23	0.994739	26.442755	362.507195	80.212393	0.000199	608735648	90827377794	0.12279826653518776	608735648	0.07	97.8	83808216032	pass	same	NA
2854509	03/16/2018	0164193407	16	2899290980,2899291255,2899296030,2899296113,2899372568,2899372875,2899373396,2899373781,2899373852,2899373999,2899374034,2899374205,2899374251,2899374372,2899374448,2899374630	/gscmnt/gc13035/production/2840352/compute_165054668	/gscmnt/gc13035/production/2840352/compute_165054668/0164193407.cram	/gscmnt/gc13035/production/2840352/compute_165054668/0164193407.cram.md5	0164193407	561377348	0.9947380238815229	0.005109	0.004999	0.00832		25.511116881269523	0.988113	0.81239	71828421812.0	1.6099999999999994	0.010762268981522672	22	0.993441	24.601867	365.2178	81.455636	0.003541	558516978	83120763490	0.11917506448696516	558516978	0.09	97.87	77811679739	pass	same	NA
2854509	03/16/2018	0164193890	16	2899291054,2899291404,2899295996,2899296117,2899372463,2899372798,2899373382,2899373658,2899373929,2899374122,2899374169,2899374174,2899374293,2899374350,2899374523,2899374622	/gscmnt/gc13035/production/2840352/compute_165054810	/gscmnt/gc13035/production/2840352/compute_165054810/0164193890.cram	/gscmnt/gc13035/production/2840352/compute_165054810/0164193890.cram.md5	0164193890	578446307	0.9971750465759603	0.005885	0.005253	0.00907		26.183862736352296	0.990261	0.838824	73763852513.0	1.9599999999999937	0.013025584064587696	23	0.994434	25.134815	370.381607	83.104304	0.001018	572151380	85237486006	0.11637696785522125	572151380	0.09	97.76	78759399061	pass	same	NA
2854509	03/16/2018	0164193894	16	2899290997,2899291245,2899296064,2899296071,2899372574,2899372940,2899373323,2899373659,2899373887,2899374025,2899374148,2899374262,2899374388,2899374450,2899374613,2899374682	/gscmnt/gc13035/production/2840352/compute_165054846	/gscmnt/gc13035/production/2840352/compute_165054846/0164193894.cram	/gscmnt/gc13035/production/2840352/compute_165054846/0164193894.cram.md5	0164193894	580167253	0.9969929770807683	0.005057	0.005846	0.00605		25.89742972362646	0.990268	0.827874	73178126451.0	1.9500000000000028	0.012737335514380985	23	0.994456	24.907827	369.440914	79.985301	0.001022	573243386	85373862023	0.12612259036066528	573243386	0.07	97.75	78807686433	pass	same	NA
2854509	03/16/2018	0164193895	16	2899291778,2899291828,2899294872,2899295878,2899381265,2899381380,2899381497,2899381560,2899381673,2899381998,2899382925,2899382975,2899386277,2899386436,2899386667,2899386878	/gscmnt/gc13035/production/2840352/compute_165243780	/gscmnt/gc13035/production/2840352/compute_165243780/0164193895.cram	/gscmnt/gc13035/production/2840352/compute_165243780/0164193895.cram.md5	0164193895	624417674	0.997420456613855	0.006051	0.005354	0.00416		28.659886736677695	0.991412	0.907609	80827181763.0	1.9099999999999966	0.012595728568320107	23	0.995169	27.31196	355.658821	76.9848	0.000314	617319332	92016664395	0.10262261348093571	617319332	0.08	97.84	84617719437	pass	same	NA
2854509	03/16/2018	0164193896	16	2899291818,2899291821,2899295499,2899295688,2899381354,2899381392,2899381503,2899381622,2899381665,2899381948,2899382886,2899382952,2899385932,2899386346,2899386410,2899386855	/gscmnt/gc13035/production/2840352/compute_165243815	/gscmnt/gc13035/production/2840352/compute_165243815/0164193896.cram	/gscmnt/gc13035/production/2840352/compute_165243815/0164193896.cram.md5	0164193896	558318635	0.9967790846324576	0.005038	0.006672	0.0047		25.132322255404507	0.989229	0.790396	71991034538.0	1.980000000000004	0.013160337413878644	22	0.993683	24.170198	373.062448	81.646252	0.000582	552351986	82216422617	0.10344793273196067	552351986	0.10	97.7	75775308041	pass	same	NA
2854509	03/16/2018	0164193907	16	2899291765,2899291766,2899292282,2899295687,2899381221,2899381314,2899381504,2899381609,2899381699,2899381938,2899382807,2899382972,2899386069,2899386253,2899386415,2899386832	/gscmnt/gc13035/production/2840352/compute_165243757	/gscmnt/gc13035/production/2840352/compute_165243757/0164193907.cram	/gscmnt/gc13035/production/2840352/compute_165243757/0164193907.cram.md5	0164193907	646483412	0.9965013014748655	0.005893	0.005572	0.00592		29.243447042307416	0.991616	0.920469	83695820884.0	1.940000000000012	0.012637763324664614	23	0.995247	27.88618	358.362337	79.923612	0.000563	640025422	95298359571	0.10137553851187445	640025422	0.10	97.71	88084956451	pass	same	NA
2854509	03/16/2018	0164193908	16	2899291733,2899291822,2899292349,2899295856,2899381279,2899381391,2899381479,2899381572,2899381701,2899381937,2899382832,2899382945,2899386400,2899386557,2899386833,2899386908	/gscmnt/gc13035/production/2840352/compute_165244448	/gscmnt/gc13035/production/2840352/compute_165244448/0164193908.cram	/gscmnt/gc13035/production/2840352/compute_165244448/0164193908.cram.md5	0164193908	653941605	0.9969479528080638	0.005145	0.005442	0.00526		29.6266649906245	0.991523	0.925098	85180210885.0	1.75	0.011446756588767792	23	0.995216	28.07976	351.971508	78.93931	0.000369	648027660	96617002531	0.10055962384376912	648027660	0.08	97.95	89479308078	pass	same	NA
2854509	03/16/2018	0164193914	16	2899299531,2899299752,2899299800,2899299982,2899380457,2899380936,2899381143,2899381786,2899382079,2899382224,2899382269,2899382405,2899384370,2899384629,2899384844,2899384856	/gscmnt/gc13035/production/2840352/compute_165242548	/gscmnt/gc13035/production/2840352/compute_165242548/0164193914.cram	/gscmnt/gc13035/production/2840352/compute_165242548/0164193914.cram.md5	0164193914	606683925	0.9970348227684945	0.005735	0.005186	0.0041		27.70650297718969	0.99095	0.885335	78159814471.0	2.039999999999992	0.013167206755339304	23	0.994936	26.451226	361.349194	79.613826	0.000681	599577314	89310154742	0.10700562475658819	599577314	0.08	97.67	82312132433	pass	same	NA
2854509	03/16/2018	0164193917	16	2899296536,2899299760,2899299923,2899300034,2899380379,2899380975,2899381019,2899381881,2899382084,2899382143,2899382292,2899382394,2899384383,2899384714,2899384978,2899385047	/gscmnt/gc13035/production/2840352/compute_165246536	/gscmnt/gc13035/production/2840352/compute_165246536/0164193917.cram	/gscmnt/gc13035/production/2840352/compute_165246536/0164193917.cram.md5	0164193917	627952820	0.9969719377991377	0.005564	0.005006	0.00671		28.137471114926793	0.990659	0.889806	79312949174.0	2.219999999999999	0.014909333826213924	23	0.994588	26.662025	349.13304	75.896606	0.001231	618407376	92066229144	0.12211845081844405	618407376	0.07	97.48	85092788268	pass	same	NA
2854509	03/16/2018	0164193918	16	2899296621,2899299714,2899299855,2899299948,2899380441,2899380954,2899381088,2899381862,2899382009,2899382085,2899382274,2899382423,2899384366,2899384572,2899384845,2899385039	/gscmnt/gc13035/production/2840352/compute_165971583	/gscmnt/gc13035/production/2840352/compute_165971583/0164193918.cram	/gscmnt/gc13035/production/2840352/compute_165971583/0164193918.cram.md5	0164193918	620550739	0.997410724648173	0.005092	0.005681	0.0036		28.583736351836635	0.991157	0.906889	80647987171.0	2.0	0.012862786441899912	23	0.994985	27.278018	362.1019	81.06743	0.000433	613254206	91416489382	0.09974708045593092	613254206	0.07	97.74	84267431886	pass	same	NA
2854509	03/16/2018	0164193920	16	2899299548,2899299703,2899299866,2899300019,2899380425,2899380891,2899381141,2899381916,2899382204,2899382221,2899382392,2899382452,2899384345,2899384573,2899384932,2899384942	/gscmnt/gc13035/production/2840352/compute_165242836	/gscmnt/gc13035/production/2840352/compute_165242836/0164193920.cram	/gscmnt/gc13035/production/2840352/compute_165242836/0164193920.cram.md5	0164193920	589807467	0.9976496735659542	0.004416	0.005186	0.00359		26.424527920788112	0.98945	0.827915	76232168716.0	1.9699999999999989	0.012975819207544186	22	0.993952	24.863812	336.959468	71.207714	0.000462	582626728	86946528515	0.10813060703587699	582626728	0.06	97.8	80744151066	pass	same	NA
2854509	03/16/2018	0164193928	16	2899291718,2899291776,2899292260,2899295709,2899381228,2899381370,2899381441,2899381599,2899381720,2899381951,2899382812,2899382988,2899386365,2899386418,2899386826,2899387003	/gscmnt/gc13035/production/2840352/compute_165244438	/gscmnt/gc13035/production/2840352/compute_165244438/0164193928.cram	/gscmnt/gc13035/production/2840352/compute_165244438/0164193928.cram.md5	0164193928	652187857	0.9976443116907944	0.005002	0.006217	0.00373		29.37159115354624	0.991684	0.922972	84117964932.0	1.8999999999999915	0.011691645252755414	23	0.995335	27.992864	361.972772	81.831831	0.000249	644978792	96159220855	0.10631824338536248	644978792	0.09	97.87	89224752965	pass	same	NA
2854509	03/16/2018	0164193930	16	2899291025,2899291334,2899295976,2899296167,2899372546,2899372859,2899373284,2899373330,2899373727,2899373898,2899374033,2899374160,2899374311,2899374370,2899374455,2899374654	/gscmnt/gc13035/production/2840352/compute_165054923	/gscmnt/gc13035/production/2840352/compute_165054923/0164193930.cram	/gscmnt/gc13035/production/2840352/compute_165054923/0164193930.cram.md5	0164193930	567274310	0.9970361951733251	0.004356	0.004569	0.00618		25.466656849437637	0.986152	0.62917	72260531352.0	2.289999999999992	0.015257622231206917	21	0.992541	21.604832	270.619688	58.630151	0.000845	560520040	83556853863	0.12295299705686667	560520040	0.05	97.42	77503299517	pass	same	NA
2854509	03/16/2018	0164193931	16	2899291714,2899291777,2899295460,2899295874,2899381224,2899381356,2899381467,2899381644,2899381674,2899381996,2899382805,2899382987,2899386316,2899386404,2899386599,2899386842	/gscmnt/gc13035/production/2840352/compute_165243837	/gscmnt/gc13035/production/2840352/compute_165243837/0164193931.cram	/gscmnt/gc13035/production/2840352/compute_165243837/0164193931.cram.md5	0164193931	616901675	0.9973581828544553	0.00565	0.005741	0.00424		28.178968151924643	0.991091	0.883419	80741448962.0	1.9499999999999886	0.012992495440054796	23	0.994916	26.392494	347.139607	84.173728	0.000257	610382896	90974171657	0.09229889037594469	610382896	0.09	97.79	83976074384	pass	same	NA
2854509	03/16/2018	0164193937	16	2899291819,2899291839,2899292324,2899295698,2899381238,2899381302,2899381466,2899381570,2899381675,2899381928,2899382935,2899383021,2899385746,2899386294,2899386503,2899386852	/gscmnt/gc13035/production/2840352/compute_165244067	/gscmnt/gc13035/production/2840352/compute_165244067/0164193937.cram	/gscmnt/gc13035/production/2840352/compute_165244067/0164193937.cram.md5	0164193937	623330448	0.9967443755525244	0.00585	0.006219	0.00416		28.251721260367038	0.99153	0.905022	80785835700.0	1.9200000000000017	0.012125128375709527	23	0.995064	27.196789	377.419699	83.846993	0.000297	616658350	91802038886	0.098363284425944	616658350	0.11	97.76	84707121561	pass	same	NA
2854509	03/16/2018	0164193941	16	2899291827,2899291848,2899292313,2899295905,2899381343,2899381400,2899381520,2899381606,2899381700,2899381999,2899382820,2899383014,2899386349,2899386382,2899386838,2899387055	/gscmnt/gc13035/production/2840352/compute_165243663	/gscmnt/gc13035/production/2840352/compute_165243663/0164193941.cram	/gscmnt/gc13035/production/2840352/compute_165243663/0164193941.cram.md5	0164193941	626589634	0.9969855344590602	0.004925	0.005765	0.00366		28.832652149163668	0.991103	0.912933	81327850765.0	1.7999999999999972	0.011939836667930298	23	0.995113	27.45842	347.492975	75.277072	0.000341	620188214	92442429697	0.1028657578779898	620188214	0.07	97.9	85789171744	pass	same	NA
2854509	03/16/2018	0164193944	16	2899296609,2899299796,2899299856,2899300047,2899380405,2899380966,2899381103,2899381815,2899382110,2899382252,2899382289,2899382420,2899384404,2899384667,2899384822,2899384945	/gscmnt/gc13035/production/2840352/compute_165242568	/gscmnt/gc13035/production/2840352/compute_165242568/0164193944.cram	/gscmnt/gc13035/production/2840352/compute_165242568/0164193944.cram.md5	0164193944	625128439	0.9971851397666611	0.005255	0.005214	0.00335		28.2442048497062	0.991639	0.899605	81153710805.0	2.0900000000000034	0.014088041169077291	23	0.995222	26.992442	362.269265	77.957565	0.000284	616684260	91895727586	0.09936632794012769	616684260	0.07	97.63	84891983959	pass	same	NA
2854509	03/16/2018	0164193945	16	2899299544,2899299692,2899299944,2899299978,2899380496,2899380909,2899380996,2899381835,2899382015,2899382033,2899382311,2899382487,2899384298,2899384639,2899384979,2899385022	/gscmnt/gc13035/production/2840352/compute_165242550	/gscmnt/gc13035/production/2840352/compute_165242550/0164193945.cram	/gscmnt/gc13035/production/2840352/compute_165242550/0164193945.cram.md5	0164193945	634388922	0.9974676564701347	0.005419	0.00513	0.0031		28.742140714881003	0.99092	0.912125	82596242579.0	1.8700000000000045	0.01223932621748845	23	0.994975	27.45761	361.857505	80.45841	0.000511	627695248	93616153161	0.09982271137095519	627695248	0.08	97.88	86835826992	pass	same	NA
2854509	03/16/2018	0164193951	16	2899296600,2899299737,2899299894,2899299992,2899380470,2899380976,2899381092,2899381814,2899382012,2899382148,2899382273,2899382422,2899384382,2899384633,2899384957,2899385038	/gscmnt/gc13035/production/2840352/compute_165242754	/gscmnt/gc13035/production/2840352/compute_165242754/0164193951.cram	/gscmnt/gc13035/production/2840352/compute_165242754/0164193951.cram.md5	0164193951	608941010	0.9975420100718717	0.005296	0.005063	0.00372		27.63632949937816	0.9914	0.892142	79261071448.0	1.730000000000004	0.011113226145721201	23	0.995283	26.6654	372.299979	81.608973	0.000459	603171308	89983271597	0.10095797753480507	603171308	0.08	98.03	83618477293	pass	same	NA
2854509	03/16/2018	0164193953	16	2899296495,2899299732,2899299821,2899300038,2899380404,2899380949,2899381058,2899381824,2899382086,2899382217,2899382375,2899382544,2899384339,2899384547,2899384850,2899385004	/gscmnt/gc13035/production/2840352/compute_165243073	/gscmnt/gc13035/production/2840352/compute_165243073/0164193953.cram	/gscmnt/gc13035/production/2840352/compute_165243073/0164193953.cram.md5	0164193953	594835218	0.9966123277070993	0.005309	0.005892	0.00384		27.478788694158695	0.991205	0.88217	77406741227.0	2.230000000000004	0.014980708917375107	23	0.994866	26.362977	376.304359	85.958539	0.001206	587652768	87459956499	0.09569425001438862	587652768	0.10	97.44	80439113867	pass	same	NA
2854509	03/16/2018	0164193955	16	2899296510,2899299701,2899299819,2899299999,2899380478,2899380957,2899381072,2899381789,2899382198,2899382222,2899382318,2899382449,2899384403,2899384694,2899384894,2899384982	/gscmnt/gc13035/production/2840352/compute_165246494	/gscmnt/gc13035/production/2840352/compute_165246494/0164193955.cram	/gscmnt/gc13035/production/2840352/compute_165246494/0164193955.cram.md5	0164193955	613901874	0.9971792625145907	0.005097	0.005168	0.01612		28.16222841834494	0.991483	0.889406	79595598041.0	2.1700000000000017	0.013859687450054718	23	0.995369	26.617999	343.164629	74.548442	0.000256	606469056	90409244124	0.10346038093293533	606469056	0.07	97.55	83476077531	pass	same	NA
2854509	03/16/2018	0164193959	16	2899291633,2899292187,2899296237,2899299590,2899380285,2899380386,2899380538,2899380758,2899380817,2899380879,2899382556,2899382732,2899383730,2899384271,2899384512,2899384755	/gscmnt/gc13035/production/2840352/compute_165242435	/gscmnt/gc13035/production/2840352/compute_165242435/0164193959.cram	/gscmnt/gc13035/production/2840352/compute_165242435/0164193959.cram.md5	0164193959	614513187	0.9941471327441844	0.005102	0.005143	0.00623		27.3545607269073	0.989701	0.832258	77411030437.0	2.0700000000000074	0.014136144627181076	22	0.993979	24.950511	324.85085	84.648252	0.003981	609344932	90508754556	0.12867417641470857	609344932	0.09	97.35	83624800111	pass	same	NA
2854509	03/16/2018	0164193965	16	2899292153,2899292657,2899296255,2899299713,2899380317,2899380551,2899380785,2899380820,2899381227,2899381515,2899382552,2899382739,2899384233,2899384539,2899384797,2899385415	/gscmnt/gc13035/production/2840352/compute_165242599	/gscmnt/gc13035/production/2840352/compute_165242599/0164193965.cram	/gscmnt/gc13035/production/2840352/compute_165242599/0164193965.cram.md5	0164193965	664221007	0.9975324420287094	0.005356	0.005504	0.00529		29.627696622524855	0.992273	0.927918	83562479849.0	2.210000000000008	0.014252073424712415	24	0.995799	28.241893	358.189586	79.094971	0.000693	655630392	97684752942	0.12717370246876603	655630392	0.08	97.55	90168345631	pass	same	NA
2854509	03/16/2018	0164193966	16	2899291537,2899296268,2899299549,2899300214,2899380291,2899380596,2899380682,2899380799,2899380991,2899382670,2899382675,2899383245,2899384051,2899384290,2899384533,2899384788	/gscmnt/gc13035/production/2840352/compute_165971584	/gscmnt/gc13035/production/2840352/compute_165971584/0164193966.cram	/gscmnt/gc13035/production/2840352/compute_165971584/0164193966.cram.md5	0164193966	638034889	0.9954115488259129	0.005157	0.006582	0.00937		28.05855821989397	0.990642	0.885321	80167012886.0	4.1499999999999915	0.01509696562391846	23	0.994717	26.484756	363.403379	111.85008	0.000495	631847848	93853032319	0.1252536894411698	631847848	0.28	95.4	86989016594	pass	same	NA
2854509	03/16/2018	0164193967	16	2899292181,2899292791,2899296300,2899299585,2899380321,2899380592,2899380705,2899380778,2899381157,2899382563,2899382594,2899382694,2899384108,2899384289,2899384466,2899384817	/gscmnt/gc13035/production/2840352/compute_165242793	/gscmnt/gc13035/production/2840352/compute_165242793/0164193967.cram	/gscmnt/gc13035/production/2840352/compute_165242793/0164193967.cram.md5	0164193967	631293627	0.9966268966556852	0.0053	0.006053	0.00509		27.790516557938894	0.990919	0.88562	79625298656.0	2.030000000000001	0.013131460897296025	23	0.994821	26.470558	361.762843	81.577179	0.001238	624172990	92904424699	0.1238179488357804	624172990	0.10	97.64	85786246936	pass	same	NA
2854509	03/16/2018	0164193969	16	2899292060,2899292180,2899296289,2899299587,2899380318,2899380493,2899380605,2899380610,2899380684,2899380786,2899382571,2899382682,2899384279,2899384459,2899384489,2899384741	/gscmnt/gc13035/production/2840352/compute_165242734	/gscmnt/gc13035/production/2840352/compute_165242734/0164193969.cram	/gscmnt/gc13035/production/2840352/compute_165242734/0164193969.cram.md5	0164193969	625394870	0.9977473425750228	0.005566	0.00535	0.00449		27.790888080362002	0.991543	0.880992	79741764974.0	1.8200000000000074	0.011578771325597854	23	0.995263	26.362738	347.147202	75.067231	0.00027	618921894	92328836220	0.11794057862495232	618921894	0.09	97.96	85488662369	pass	same	NA
2854509	03/16/2018	0164193975	16	2899292204,2899292275,2899296297,2899299625,2899380311,2899380520,2899380635,2899380810,2899381255,2899382661,2899382706,2899383891,2899384209,2899384515,2899384804,2899385502	/gscmnt/gc13035/production/2840352/compute_165242815	/gscmnt/gc13035/production/2840352/compute_165242815/0164193975.cram	/gscmnt/gc13035/production/2840352/compute_165242815/0164193975.cram.md5	0164193975	627036740	0.9975253299386025	0.005208	0.005487	0.00475		27.55266134494072	0.99101	0.869612	79128564128.0	1.960000000000008	0.012940465975935954	23	0.994808	26.020859	347.668377	79.47937	0.000253	619532690	92358106224	0.12643888041193332	619532690	0.08	97.8	85751247470	pass	same	NA
2854509	03/16/2018	0164193982	16	2899291053,2899291238,2899296027,2899296096,2899372467,2899372870,2899373331,2899373741,2899373854,2899374134,2899374178,2899374244,2899374345,2899374481,2899374652,2899374679	/gscmnt/gc13035/production/2840352/compute_165054582	/gscmnt/gc13035/production/2840352/compute_165054582/0164193982.cram	/gscmnt/gc13035/production/2840352/compute_165054582/0164193982.cram.md5	0164193982	595586484	0.9982300509218698	0.00484	0.00521	0.00308		26.731762147527604	0.989462	0.846363	75542498627.0	1.8299999999999983	0.011517657406759554	22	0.993996	25.456934	346.560174	74.344878	0.00032	589142938	87978517930	0.12626441962918059	589142938	0.06	98.0	81995248639	pass	same	NA
